JASID,自治体コード,遺跡番号,ふりがな,遺跡名,所在地,時代,種別,主な遺構/概要,主な出土品,経度,緯度
13107000100,131071,,江東区№1遺跡,江東区 清澄二丁目,[近世],単独出土地,単独出土地,銅造観音菩薩立像,139.79560070898435,35.681090885316536
13107000200,131071,2,,江東区№2遺跡,江東区 越中島一丁目,[近世],単独出土地,単独出土地,墓石,139.7898890679963,35.66904773971898
13107000300,131071,3,,江東区№3遺跡,江東区 永代二丁目,[近世],社寺,社寺,五輪塔　地蔵立像　墓石,139.7922611177811,35.67444836494768
13107000400,13107,4,すさきなみよけいしがき,洲崎波除石垣,江東区 木場一丁目,[近世],波除石垣,[近]木杭　胴木　石垣,下駄,139.80359077127932,35.667982783545625
13107000500,13107,5,はちまんぼりあと,八幡堀跡,江東区 富岡二丁目,[近世],堀,[近]杭穴,陶磁器　瓦　銭貨,139.80046965307255,35.672293230048155
13107000600,13107,6,,江東区№6遺跡,江東区 越中島二丁目,[近世],屋敷,,陶磁器,139.7924483839043,35.6680334970292
