JASID,画面経度,画面緯度
1321100100,139.4581,35.73002
1321100200,139.5017,35.71965
1321100300,139.499,35.71788
1321100400,139.5133,35.72026