JASID,画面経度,画面緯度
1311226602,139.6065209,35.63028913
1311226800,139.596313,35.635624