JASID,画面経度,画面緯度
1320300100,139.5682,35.70377
1320300200,139.5802,35.70775
1320300300,139.5731,35.70024
1320300400,139.5804,35.70076
1320300500,139.5852,35.69714